Employee ID,Date,Company Name
958049,08/08/2023,IBM
958049,03/07/2024,Google
958049,10/12/2024,Microsoft
958049,09/22/2022,Spotify
958049,08/12/2023,Amazon
348729,09/10/2024,Salesforce
348729,05/24/2023,Dell
348729,06/06/2024,CrowdStrike
441062,09/21/2023,Oracle
441062,11/03/2023,Oracle
441062,04/07/2024,Amazon
441062,12/16/2022,Dell
246025,05/03/2022,Shopify
246025,07/20/2024,Amazon
246025,09/16/2022,Nvidia
246025,03/13/2022,Google
246025,06/20/2023,Cisco
246025,08/23/2024,Spotify
246025,03/24/2024,Google
246025,07/07/2022,Spotify
246025,12/20/2022,Microsoft
866152,01/21/2024,Intel
866152,10/15/2024,Shopify
866152,04/22/2024,Dell
866152,04/10/2024,Microsoft
866152,10/15/2024,Google
866152,03/18/2023,Airbnb
866152,08/05/2023,Oracle
866152,09/08/2024,Cisco
558064,11/14/2022,Uber
558064,05/20/2024,Microsoft
558064,01/11/2022,Google
558064,08/01/2024,Nvidia
558064,05/20/2023,Microsoft
558064,07/07/2024,Intel
558064,02/16/2023,Uber
894681,02/08/2023,Cisco
894681,04/15/2022,IBM
894681,10/06/2024,Oracle
220994,10/13/2022,IBM
220994,12/20/2024,Zoom
220994,03/15/2023,Google
220994,11/05/2023,Dell
220994,12/21/2022,Oracle
220994,01/21/2023,HP
220994,04/10/2023,HP
220994,07/11/2022,Zoom
220994,09/16/2023,Oracle
551151,08/16/2022,Uber
551151,06/08/2024,Amazon
551151,03/15/2023,Amazon
551151,10/22/2024,Airbnb
551151,05/07/2023,Microsoft
551151,08/15/2024,Meta
737970,11/01/2023,CrowdStrike
737970,12/18/2024,Oracle
861665,09/02/2023,Cisco
861665,08/24/2022,Uber
861665,05/05/2024,CrowdStrike
861665,01/23/2022,Uber
343891,10/06/2023,Apple
343891,11/16/2023,Nvidia
343891,01/20/2023,Uber
343891,08/06/2024,Uber
343891,01/04/2022,Nvidia
343891,07/24/2022,Airbnb
343891,08/13/2024,Intel
343891,04/12/2024,Google
275861,08/04/2024,Adobe
275861,02/11/2023,Meta
275861,09/16/2022,Cisco
589650,04/12/2022,Spotify
589650,10/08/2024,Spotify
589650,08/03/2023,CrowdStrike
589650,01/17/2023,Salesforce
589650,05/02/2023,HP
589650,07/18/2024,Microsoft
589650,05/22/2023,Dell
589650,03/20/2023,Uber
589650,03/09/2023,Shopify
589650,12/11/2022,Nvidia
589650,03/12/2024,Google
589650,12/13/2023,Cisco
589650,12/21/2022,Oracle
589650,03/21/2024,CrowdStrike
589650,06/03/2023,Intel
284894,07/02/2024,Uber
284894,01/03/2023,Google
284894,04/19/2024,Meta
284894,04/10/2022,Apple
284894,05/05/2023,Dell
284894,04/14/2022,CrowdStrike
284894,12/24/2022,Amazon
284894,08/03/2023,Amazon
284894,11/21/2023,Salesforce
284894,07/12/2022,Intel
284894,06/04/2024,IBM
284894,09/01/2022,IBM
284894,04/13/2022,Cisco
929240,06/08/2023,IBM
929240,04/17/2024,Dell
929240,03/11/2024,HP
929240,08/23/2022,Airbnb
243001,02/02/2022,Google
243001,12/24/2022,Uber
243001,06/01/2023,Nvidia
243001,06/11/2022,Zoom
243001,04/23/2024,Amazon
243001,08/15/2024,Microsoft
243001,06/09/2024,Google
243001,10/17/2022,Nvidia
243001,04/13/2023,Microsoft
243001,06/06/2023,IBM
243001,03/22/2024,IBM
243001,10/13/2023,Adobe
243001,07/23/2024,Spotify
243001,08/14/2022,Amazon
243001,03/20/2024,Apple
243001,08/14/2022,Intel
688513,10/01/2024,CrowdStrike
688513,11/18/2022,Oracle
688513,03/09/2023,Zoom
688513,01/01/2023,CrowdStrike
688513,01/12/2023,Nvidia
688513,08/17/2022,Adobe
688513,04/19/2023,Oracle
442899,12/07/2022,Airbnb
442899,10/16/2024,Google
442899,09/22/2022,Spotify
442899,11/11/2023,Oracle
442899,09/07/2023,Spotify
442899,07/11/2024,Adobe
935656,10/12/2023,Google
715512,04/05/2023,Meta
141384,02/02/2022,Apple
141384,02/07/2023,Intel
141384,02/13/2024,IBM
578082,07/19/2022,Meta
506670,11/22/2024,Google
506670,02/18/2023,Google
506670,01/13/2024,Nvidia
506670,03/12/2022,Adobe
506670,04/09/2024,CrowdStrike
506670,12/10/2022,HP
506670,11/13/2023,Intel
506670,04/03/2024,Intel
506670,01/02/2022,Shopify
506670,06/07/2024,Cisco
673770,10/02/2022,Intel
673770,10/19/2024,Shopify
673770,09/03/2024,Airbnb
673770,01/23/2024,Dell
673770,10/02/2024,CrowdStrike
673770,12/17/2023,Cisco
673770,02/05/2023,Shopify
673770,05/09/2023,Nvidia
788678,08/12/2022,Dell
788678,06/17/2024,Oracle
788678,06/10/2022,Nvidia
999527,02/18/2024,Google
999527,10/06/2022,IBM
999527,09/19/2023,Airbnb
999527,08/06/2023,Apple
999527,09/03/2022,Uber
999527,03/09/2022,Cisco
999527,12/09/2022,Apple
999527,06/09/2023,Adobe
999527,10/04/2022,HP
999527,02/24/2023,Google
999527,08/11/2022,CrowdStrike
999527,02/01/2022,CrowdStrike
418651,09/05/2024,Airbnb
418651,04/05/2023,Oracle
418651,10/04/2023,Google
418651,02/02/2023,Apple
418651,01/23/2023,Adobe
418651,11/21/2023,HP
418651,01/14/2023,Amazon
418651,02/06/2023,Dell
243344,10/22/2022,Nvidia
243344,10/16/2022,Zoom
243344,12/10/2022,Adobe
243344,08/11/2022,CrowdStrike
489244,01/23/2022,Shopify
489244,04/22/2023,Zoom
489244,07/19/2022,Salesforce
489244,01/17/2022,Intel
489244,03/20/2024,Dell
489244,11/07/2023,Cisco
489244,07/21/2022,Nvidia
489244,10/22/2023,CrowdStrike
489244,10/17/2022,CrowdStrike
489244,02/21/2023,Cisco
489244,01/13/2022,Adobe
489244,03/15/2023,Dell
272500,05/06/2024,Zoom
272500,11/08/2024,IBM
272500,12/14/2022,Dell
272500,12/14/2023,Adobe
272500,11/04/2023,Uber
272500,12/08/2023,Meta
272500,05/24/2022,Zoom
340876,08/11/2023,IBM
340876,10/07/2023,Uber
340876,01/01/2022,CrowdStrike
340876,10/10/2022,Dell
340876,11/06/2023,Microsoft
340876,04/01/2023,Adobe
340876,01/01/2022,Spotify
894667,09/13/2024,Spotify
894667,02/02/2023,Microsoft
894667,02/05/2023,Uber
894667,10/20/2023,Uber
894667,05/13/2022,Oracle
894667,09/09/2022,Nvidia
894667,05/13/2024,Microsoft
894667,03/09/2023,Dell
894667,01/19/2023,Airbnb
894667,06/14/2024,Uber
894667,01/10/2024,HP
894667,09/08/2023,Apple
480944,10/03/2022,Shopify
480944,12/17/2024,Meta
480944,01/05/2022,Uber
480944,12/08/2023,Intel
480944,10/04/2024,Oracle
480944,05/22/2023,Nvidia
480944,04/12/2022,CrowdStrike
480944,01/11/2022,Shopify
480944,05/18/2024,Apple
480944,09/08/2024,IBM
480944,03/13/2023,Google
480944,08/09/2024,Dell
480944,09/08/2023,Intel
480944,06/03/2022,IBM
480944,11/15/2022,Uber
480944,04/11/2022,Salesforce
951318,04/11/2024,Meta
312548,01/18/2023,Shopify
312548,05/17/2022,Apple
312548,04/19/2024,Oracle
312548,12/07/2024,Zoom
312548,03/21/2024,Dell
312548,02/08/2024,Shopify
312548,09/10/2024,Apple
312548,03/03/2024,Microsoft
312548,11/01/2023,Dell
312548,10/11/2022,Uber
750802,05/24/2022,Adobe
750802,07/24/2023,Zoom
750802,12/10/2023,Microsoft
750802,08/04/2023,Spotify
750802,11/12/2024,Oracle
750802,06/02/2023,Adobe
750802,12/14/2023,CrowdStrike
750802,12/19/2023,Dell
750802,01/17/2022,Zoom
958191,07/14/2022,Google
958191,10/05/2023,Meta
958191,01/03/2024,CrowdStrike
958191,10/07/2024,CrowdStrike
958191,10/24/2023,Dell
958191,06/21/2022,CrowdStrike
958191,03/14/2022,Amazon
958191,01/03/2024,Meta
958191,11/19/2023,Nvidia
958191,12/16/2024,Spotify
958191,09/11/2024,Meta
958191,04/15/2024,Microsoft
958191,11/09/2023,IBM
135182,03/22/2023,Airbnb
135182,05/09/2022,HP
135182,08/17/2022,Apple
135182,06/23/2024,Adobe
135182,11/15/2023,Google
135182,07/06/2024,HP
135182,09/09/2024,Apple
135182,06/04/2023,Amazon
135182,11/20/2023,CrowdStrike
135182,11/23/2023,Uber
456267,12/03/2023,Meta
978891,03/15/2022,Google
978891,02/19/2022,CrowdStrike
978891,04/09/2022,Airbnb
978891,10/13/2023,Dell
978891,06/12/2024,Oracle
978891,02/08/2022,Oracle
978891,12/07/2023,Dell
978891,01/21/2023,Spotify
138628,05/13/2024,Intel
138628,05/22/2023,Airbnb
138628,08/08/2024,Oracle
138628,10/09/2022,Microsoft
138628,04/14/2022,Amazon
138628,12/16/2022,Microsoft
180595,09/20/2024,Airbnb
180595,10/17/2023,Meta
180595,12/08/2024,IBM
180595,08/23/2024,Intel
180595,03/18/2024,Spotify
180595,01/15/2024,Zoom
180595,09/13/2022,Dell
279976,09/16/2022,CrowdStrike
279976,04/06/2023,Apple
367620,07/08/2023,Airbnb
367620,12/03/2022,Cisco
367620,08/24/2024,HP
367620,02/01/2024,Google
367620,07/07/2022,Spotify
367620,01/05/2022,Adobe
367620,07/15/2024,CrowdStrike
367620,07/21/2023,HP
367620,09/19/2023,Oracle
706002,08/16/2022,Google
706002,10/24/2024,IBM
706002,12/05/2023,Apple
706002,11/14/2024,Zoom
706002,10/16/2022,Nvidia
706002,01/21/2023,Zoom
706002,05/07/2023,Meta
706002,02/12/2023,Salesforce
368083,04/15/2024,Airbnb
368083,04/01/2024,Zoom
368083,01/16/2024,Uber
368083,05/14/2022,Intel
368083,11/22/2022,Amazon
368083,02/14/2022,Uber
368083,07/07/2024,Nvidia
368083,02/14/2023,Salesforce
368083,07/12/2024,CrowdStrike
368083,04/04/2022,Shopify
368083,02/15/2024,Microsoft
368083,10/21/2023,Shopify
368083,08/23/2023,Microsoft
609826,12/20/2024,Airbnb
609826,02/16/2024,CrowdStrike
609826,03/20/2022,Cisco
609826,09/16/2023,Dell
609826,01/17/2022,Google
609826,09/05/2023,Dell
609826,03/01/2023,Zoom
609826,08/08/2024,Amazon
609826,09/14/2024,Cisco
503311,05/16/2024,Zoom
503311,01/16/2023,Cisco
503311,07/20/2023,Dell
503311,03/07/2023,CrowdStrike
503311,01/05/2023,Uber
503311,06/22/2023,Uber
503311,06/24/2022,IBM
503311,02/08/2022,Cisco
503311,05/03/2023,Zoom
503311,08/07/2023,Airbnb
779396,05/16/2022,Cisco
779396,08/23/2022,Apple
441942,11/05/2024,Adobe
441942,02/24/2022,Oracle
441942,11/24/2022,HP
441942,03/21/2024,Salesforce
441942,01/15/2022,Meta
441942,09/05/2022,Uber
441942,06/13/2023,Dell
441942,07/15/2024,Salesforce
441942,06/15/2024,Amazon
143499,12/22/2022,Apple
143499,06/02/2024,Oracle
143499,02/15/2022,Salesforce
143499,09/20/2023,Microsoft
143499,02/16/2022,Adobe
143499,09/07/2022,Google
143499,11/22/2022,Shopify
463765,01/22/2022,Salesforce
463765,11/11/2024,Uber
463765,12/16/2023,CrowdStrike
463765,06/06/2023,Zoom
146691,05/04/2024,Cisco
146691,04/02/2023,Google
146691,12/14/2023,HP
146691,08/23/2024,Intel
146691,03/08/2023,Google
202967,02/21/2023,Salesforce
202967,01/16/2024,Meta
202967,10/03/2024,Adobe
202967,08/06/2024,Intel
202967,09/21/2022,Adobe
202967,04/17/2023,Zoom
202967,12/24/2024,IBM
202967,03/05/2023,Spotify
202967,04/02/2023,Shopify
202967,02/09/2023,Airbnb
202967,10/08/2024,CrowdStrike
202967,09/01/2023,Apple
202967,03/10/2024,Microsoft
202967,10/02/2023,Zoom
202967,06/13/2022,Intel
202967,02/03/2022,Intel
402036,01/07/2024,Microsoft
402036,03/18/2023,Amazon
402036,11/03/2024,IBM
402036,08/02/2024,Oracle
402036,04/16/2023,Intel
402036,10/16/2024,Shopify
402036,06/05/2023,Nvidia
402036,05/19/2023,Spotify
613983,03/02/2022,Google
613983,04/09/2022,Microsoft
613983,10/08/2023,Meta
613983,11/12/2023,Nvidia
613983,11/15/2022,Amazon
613983,03/19/2022,Dell
720274,10/12/2023,Shopify
720274,04/17/2024,Spotify
720274,01/08/2024,Airbnb
720274,01/07/2023,Cisco
720274,02/01/2024,Amazon
720274,07/08/2023,Adobe
720274,06/14/2022,Amazon
833142,08/06/2024,Spotify
833142,08/12/2022,Microsoft
833142,01/11/2022,HP
833142,12/03/2024,Adobe
284007,05/12/2023,Adobe
284007,01/15/2022,CrowdStrike
284007,04/12/2024,Airbnb
284007,11/23/2022,Zoom
284007,07/22/2022,Salesforce
284007,03/07/2024,Salesforce
284007,07/08/2022,Shopify
284007,12/20/2022,Oracle
284007,01/16/2023,Zoom
284007,09/19/2024,Oracle
284007,01/14/2022,Cisco
755011,05/01/2024,Google
755011,05/05/2022,HP
755011,10/22/2023,HP
755011,05/02/2024,Uber
755011,11/20/2022,Dell
755011,10/10/2022,Amazon
755011,02/11/2022,Uber
755011,12/04/2022,CrowdStrike
755011,08/15/2022,Dell
755011,04/08/2024,Salesforce
755011,06/13/2023,Salesforce
755011,12/02/2022,Adobe
755011,07/08/2023,Shopify
669718,01/14/2023,HP
669718,01/07/2024,Dell
669718,10/09/2023,Airbnb
551346,01/18/2024,Amazon
551346,03/22/2023,Uber
551346,07/03/2023,Apple
551346,04/16/2024,Amazon
551346,06/04/2023,Dell
551346,09/01/2022,Shopify
551346,06/03/2023,Cisco
551346,07/20/2023,Apple
551346,01/14/2022,Oracle
551346,03/18/2024,Zoom
551346,07/23/2024,IBM
551346,04/12/2023,Intel
551346,05/08/2023,Nvidia
551346,07/07/2022,Oracle
551346,08/14/2023,Dell
551346,10/22/2022,Amazon
857621,08/14/2022,Airbnb
857621,11/09/2022,Uber
857621,04/10/2024,Microsoft
857621,12/22/2023,Zoom
857621,12/24/2023,Zoom
857621,05/09/2022,Salesforce
527420,11/01/2024,Airbnb
527420,06/14/2022,Shopify
527420,01/24/2024,Dell
527420,01/13/2023,IBM
500169,04/22/2024,Salesforce
500169,04/24/2023,Intel
500169,06/01/2023,Adobe
500169,08/19/2024,Google
500169,05/10/2024,Cisco
500169,11/22/2022,Zoom
500169,03/06/2023,Intel
538810,09/24/2024,Intel
538810,09/04/2023,Adobe
538810,06/04/2023,Zoom
538810,02/13/2022,Zoom
538810,02/19/2024,Shopify
538810,01/14/2024,Intel
538810,06/24/2022,Salesforce
827187,03/04/2023,Salesforce
827187,02/10/2022,Amazon
827187,02/10/2024,Apple
827187,04/05/2023,IBM
827187,03/11/2022,IBM
827187,07/22/2022,IBM
827187,09/19/2022,Cisco
827187,12/20/2024,Salesforce
751731,07/14/2024,Intel
751731,06/06/2024,Google
751731,09/04/2022,Nvidia
588164,07/09/2023,Google
237813,04/12/2024,Nvidia
237813,09/08/2023,Apple
237813,10/05/2023,Oracle
237813,03/07/2024,Oracle
237813,07/11/2023,Salesforce
237813,03/08/2023,Salesforce
566301,11/16/2022,Apple
566301,07/08/2023,Google
566301,03/10/2024,Salesforce
566301,01/04/2024,Intel
566301,12/03/2022,Intel
566301,09/16/2023,Dell
566301,04/14/2024,Uber
566301,11/14/2022,Zoom
566301,07/10/2023,Adobe
566301,10/08/2024,Zoom
566301,03/22/2022,Apple
566301,10/23/2023,Intel
566301,06/22/2023,Uber
566301,03/10/2022,HP
566301,09/21/2022,Intel
560637,04/07/2024,Apple
560637,09/21/2023,IBM
560637,06/01/2023,Zoom
469525,01/18/2022,Uber
406479,01/21/2022,Uber
406479,01/21/2024,Dell
406479,11/12/2022,Adobe
204279,01/02/2023,Nvidia
204279,04/06/2022,Intel
204279,02/04/2022,Cisco
502004,05/11/2023,Amazon
502004,01/11/2022,Oracle
502004,07/08/2023,HP
502004,04/11/2024,Dell
502004,09/03/2022,Meta
502004,11/04/2024,Microsoft
502004,06/10/2023,IBM
502004,07/13/2023,IBM
502004,12/10/2024,Apple
502004,12/08/2023,Apple
749146,08/17/2022,Apple
749146,11/05/2024,Airbnb
749146,05/04/2024,Google
749146,05/01/2023,Microsoft
749146,12/05/2024,CrowdStrike
749146,09/14/2024,Shopify
749146,08/08/2022,Zoom
749146,04/02/2023,HP
749146,11/06/2023,Zoom
749146,07/20/2023,Salesforce
749146,03/18/2024,Intel
749146,10/09/2023,Airbnb
749146,05/10/2022,Shopify
749146,09/24/2024,Meta
951211,08/12/2022,Adobe
951211,11/20/2024,Meta
951211,05/20/2024,Salesforce
951211,10/06/2022,Shopify
951211,05/04/2024,Meta
951211,04/03/2024,Cisco
951211,12/17/2023,Amazon
438767,11/15/2022,IBM
438767,11/05/2024,Shopify
438767,11/08/2023,IBM
581458,12/07/2023,Adobe
581458,11/03/2024,IBM
581458,06/18/2022,Spotify
581458,03/17/2022,Cisco
581458,05/08/2022,Oracle
581458,06/21/2023,Spotify
415983,11/04/2022,Uber
415983,01/04/2023,Adobe
415983,05/15/2022,Microsoft
415983,09/23/2023,Dell
415983,07/13/2023,Airbnb
415983,07/01/2024,Amazon
415983,12/01/2024,Apple
669680,09/17/2024,Intel
669680,08/18/2023,Apple
669680,10/24/2022,CrowdStrike
669680,01/21/2023,Microsoft
669680,11/08/2022,Adobe
669680,03/06/2022,Microsoft
362975,06/22/2023,Oracle
643444,07/11/2023,Airbnb
643444,04/02/2024,Microsoft
643444,09/24/2023,Dell
643444,07/01/2023,Google
590951,05/03/2024,Amazon
590951,05/10/2022,CrowdStrike
590951,12/24/2022,IBM
590951,11/16/2024,Spotify
590951,08/01/2023,Amazon
590951,11/01/2024,Spotify
455219,10/23/2022,IBM
455219,10/24/2024,Zoom
455219,02/23/2024,Zoom
455219,03/13/2022,Meta
455219,08/21/2023,Spotify
101856,08/02/2023,HP
101856,06/05/2024,Salesforce
101856,04/10/2023,Google
376456,04/16/2023,Apple
376456,10/06/2022,Nvidia
376456,12/17/2023,Microsoft
376456,05/07/2022,Dell
376456,11/14/2024,Dell
376456,04/23/2024,CrowdStrike
376456,10/22/2024,Amazon
376456,12/21/2023,Dell
376456,04/20/2023,Spotify
401467,12/12/2024,IBM
401467,04/22/2023,HP
401467,08/16/2024,Nvidia
401467,02/11/2024,Intel
401467,12/17/2022,Dell
401467,10/16/2023,CrowdStrike
401467,07/05/2024,Uber
401467,04/13/2023,Cisco
401467,12/08/2023,Zoom
401467,02/18/2024,Adobe
401467,08/23/2024,Airbnb
311732,09/23/2023,Google
311732,11/16/2023,CrowdStrike
311732,08/01/2024,CrowdStrike
311732,02/23/2023,Apple
311732,04/10/2022,Spotify
487625,01/05/2023,Zoom
487625,07/15/2024,Apple
487625,03/14/2023,Salesforce
487625,09/14/2022,CrowdStrike
487625,10/11/2022,Adobe
373436,11/22/2023,Airbnb
373436,02/19/2024,HP
373436,11/09/2024,Airbnb
373436,09/16/2024,Nvidia
373436,01/07/2022,IBM
373436,05/02/2023,Intel
373436,04/18/2024,Salesforce
373436,04/05/2022,CrowdStrike
373436,06/04/2022,Cisco
373436,08/20/2023,Spotify
373436,03/14/2023,CrowdStrike
841425,02/14/2023,Oracle
841425,11/05/2023,HP
841425,08/22/2023,Zoom
841425,01/12/2023,Spotify
841425,03/03/2022,Cisco
841425,03/20/2022,Uber
841425,03/22/2022,Cisco
841425,12/03/2023,Airbnb
841425,05/08/2022,Zoom
841425,10/20/2023,Adobe
261755,12/14/2022,IBM
261755,01/09/2023,Nvidia
261755,01/01/2024,Amazon
261755,08/05/2022,Nvidia
261755,04/03/2023,Cisco
261755,03/21/2024,Uber
261755,05/04/2023,Microsoft
261755,03/16/2024,Cisco
261755,10/20/2023,Microsoft
297606,01/19/2022,Nvidia
283881,02/03/2023,IBM
283881,03/15/2023,HP
283881,08/10/2022,Google
283881,04/18/2022,Intel
272000,11/12/2022,Dell
806928,07/23/2024,Spotify
806928,09/23/2022,Shopify
806928,07/21/2022,Meta
806928,08/01/2024,HP
806928,01/16/2024,Microsoft
806928,05/12/2022,IBM
806928,12/04/2023,Nvidia
806928,03/22/2023,Apple
806928,03/08/2022,Amazon
806928,03/10/2024,Uber
806928,08/05/2022,Microsoft
806928,05/22/2024,Spotify
806928,02/12/2024,Nvidia
806928,05/11/2023,IBM
806928,08/18/2022,Spotify
806928,02/08/2022,CrowdStrike
228181,12/11/2024,CrowdStrike
228181,02/06/2024,IBM
228181,07/03/2023,Google
228181,01/07/2024,Intel
228181,01/11/2024,Google
228181,07/19/2023,Shopify
692673,10/19/2022,CrowdStrike
692673,01/07/2022,Adobe
692673,01/11/2024,Apple
692673,01/02/2024,Amazon
692673,11/05/2022,CrowdStrike
132342,11/05/2024,Uber
132342,10/10/2024,Uber
132342,07/21/2024,Amazon
132342,11/04/2022,Salesforce
132342,08/07/2024,Nvidia
132342,06/21/2023,Adobe
132342,10/14/2024,Google
132342,02/14/2024,Cisco
132342,08/06/2023,Microsoft
132342,07/19/2022,Cisco
132342,05/21/2023,Dell
132342,08/06/2023,Adobe
132342,02/17/2022,Zoom
466552,04/03/2024,Dell
466552,06/02/2024,Meta
207226,09/18/2023,Intel
207226,01/04/2023,HP
207226,07/17/2023,Shopify
207226,08/18/2024,Cisco
207226,05/15/2024,Microsoft
207226,07/19/2023,Salesforce
207226,02/13/2023,Intel
207226,10/14/2023,Adobe
207226,08/13/2024,Adobe
207226,02/22/2023,Adobe
207226,12/14/2023,Nvidia
869662,07/23/2022,Oracle
869662,01/08/2024,Cisco
869662,03/21/2023,Cisco
869662,01/07/2023,CrowdStrike
869662,04/01/2022,Cisco
869662,06/24/2022,Zoom
869662,09/19/2024,Nvidia
869662,11/23/2022,Spotify
869662,09/21/2022,Cisco
869662,04/21/2023,Google
984736,01/08/2022,Oracle
984736,06/11/2023,Nvidia
984736,03/09/2022,Airbnb
984736,09/06/2024,Microsoft
984736,05/04/2022,HP
984736,03/17/2024,CrowdStrike
984736,05/17/2023,CrowdStrike
984736,08/04/2022,IBM
984736,09/03/2022,IBM
984736,01/23/2024,Google
815652,08/05/2024,Spotify
815652,04/19/2022,Salesforce
815652,08/17/2023,Oracle
815652,04/16/2024,Google
815652,06/24/2022,Shopify
815652,11/21/2024,HP
815652,10/18/2022,Airbnb
815652,09/06/2023,Adobe
462139,05/14/2023,Apple
462139,03/19/2022,Microsoft
882187,08/17/2023,Apple
882187,06/14/2024,Spotify
882187,07/07/2024,Intel
882187,07/07/2024,Spotify
882187,08/20/2022,CrowdStrike
882187,06/06/2023,Intel
882187,05/02/2024,Google
882187,11/07/2022,Cisco
697089,08/10/2022,CrowdStrike
697089,11/03/2023,CrowdStrike
697089,01/07/2023,IBM
368594,03/22/2024,Dell
368594,12/01/2022,Airbnb
368594,09/01/2023,IBM
424682,06/09/2023,IBM
424682,10/18/2023,Dell
424682,11/21/2023,Intel
424682,09/17/2024,Nvidia
424682,04/13/2024,Google
424682,09/07/2023,Shopify
424682,10/08/2022,Google
424682,07/03/2022,Shopify
424682,06/19/2022,Intel
424682,09/14/2023,Uber
424682,05/07/2024,Google
424682,02/12/2024,Nvidia
682574,03/12/2022,Google
682574,09/23/2023,Google
682574,05/18/2024,Zoom
682574,08/06/2022,Google
682574,04/01/2024,Amazon
682574,08/08/2022,Dell
362470,04/12/2022,Nvidia
362470,10/16/2024,Amazon
362470,10/18/2024,Salesforce
362470,04/19/2022,Amazon
362470,02/06/2024,Nvidia
362470,01/13/2024,Apple
362470,02/04/2024,Meta
362470,07/06/2024,Shopify
362470,05/17/2023,Shopify
362470,04/19/2024,Zoom
362470,02/02/2023,Amazon
522580,02/17/2024,Intel
522580,08/18/2023,Amazon
522580,01/22/2023,IBM
522580,08/18/2022,Apple
522580,09/14/2023,Meta
443151,01/17/2023,Salesforce
443151,05/05/2023,Spotify
443151,01/01/2024,Adobe
443151,12/18/2023,Spotify
443151,12/06/2022,Meta
443151,08/03/2023,Intel
443151,07/16/2022,Adobe
443151,08/10/2022,IBM
443151,08/13/2023,Meta
443151,02/13/2024,Amazon
443151,11/05/2024,CrowdStrike
443151,01/01/2022,Adobe
893911,07/09/2024,IBM
893911,07/22/2023,Shopify
893911,10/06/2024,Cisco
893911,12/18/2022,Airbnb
871237,01/09/2024,Apple
871237,07/20/2023,Spotify
871237,01/17/2023,CrowdStrike
871237,05/13/2022,Google
871237,06/03/2023,Dell
240111,09/22/2023,Google
240111,07/03/2022,Meta
240111,04/13/2024,Dell
240111,09/22/2023,Meta
796973,09/08/2024,Zoom
598993,12/05/2023,Nvidia
598993,09/15/2023,Zoom
598993,07/10/2024,Dell
598993,10/18/2022,Dell
995566,03/03/2022,Salesforce
995566,03/06/2022,Dell
780771,09/03/2024,Google
780771,06/13/2023,Meta
780771,05/22/2022,Dell
780771,06/16/2022,Airbnb
780771,09/19/2022,Meta
129145,10/13/2023,Oracle
129145,08/23/2024,Nvidia
129145,08/02/2023,Microsoft
129145,11/09/2022,Uber
129145,04/22/2024,Apple
129145,10/22/2024,Intel
129145,12/14/2022,Microsoft
129145,04/18/2022,Zoom
129145,03/19/2022,Airbnb
129145,03/09/2022,Amazon
129145,05/21/2023,CrowdStrike
129145,03/19/2024,Cisco
129145,02/18/2024,Cisco
129145,10/15/2024,Apple
129145,08/15/2022,Dell
873868,01/22/2024,Google
873868,02/05/2024,Shopify
873868,03/18/2022,Uber
873868,02/24/2024,Zoom
873868,06/18/2022,Spotify
722272,03/04/2023,Oracle
722272,06/09/2022,Oracle
722272,02/17/2022,IBM
722272,05/06/2024,Zoom
785311,05/24/2024,Nvidia
785311,05/22/2023,Amazon
396285,05/16/2024,Uber
396285,06/15/2023,Amazon
653090,03/16/2024,Spotify
653090,08/15/2023,Salesforce
653090,01/11/2024,Microsoft
653090,02/11/2024,Apple
653090,01/02/2024,Salesforce
653090,09/21/2023,IBM
653090,03/02/2023,Spotify
653090,03/01/2023,Uber
653090,04/12/2024,HP
653090,12/15/2023,Dell
653090,10/20/2023,Microsoft
330563,05/10/2023,Oracle
330563,07/19/2024,Zoom
330563,06/17/2024,HP
330563,06/09/2022,Uber
330563,11/02/2022,Microsoft
330563,02/15/2023,CrowdStrike
330563,06/23/2024,Nvidia
330563,12/12/2023,IBM
330563,04/11/2022,Dell
330563,03/17/2022,Intel
330563,12/14/2022,Intel
434706,11/01/2024,Cisco
434706,03/16/2022,Apple
434706,04/23/2023,Dell
434706,08/16/2024,Uber
434706,12/08/2024,IBM
434706,12/15/2024,Shopify
434706,11/20/2022,Amazon
434706,01/21/2023,Shopify
434706,05/10/2024,Microsoft
673409,10/15/2022,Salesforce
281253,02/21/2022,HP
281253,05/08/2024,Salesforce
281253,11/16/2024,Zoom
281253,10/01/2022,Intel
281253,04/19/2023,Shopify
281253,06/20/2022,Shopify
281253,09/03/2022,Salesforce
717113,03/09/2024,Google
114865,09/14/2022,Airbnb
114865,09/22/2023,Microsoft
114865,02/19/2024,Oracle
114865,10/21/2024,HP
114865,02/11/2022,Amazon
114865,12/10/2023,Intel
114865,01/15/2023,Nvidia
963305,07/06/2024,Apple
963305,08/11/2024,IBM
963305,04/02/2024,Spotify
963305,01/03/2023,Oracle
963305,12/08/2022,Adobe
963305,04/23/2023,Google
963305,12/15/2024,Uber
742607,03/15/2024,Spotify
742607,03/20/2023,Adobe
742607,01/11/2022,Uber
742607,05/08/2022,Intel
742607,10/22/2022,Uber
742607,08/20/2022,Airbnb
742607,05/13/2022,Salesforce
513598,11/13/2022,Airbnb
513598,04/20/2024,Adobe
513598,03/20/2022,IBM
513598,01/04/2022,Zoom
513598,01/22/2024,Intel
513598,11/03/2022,Intel
513598,04/10/2022,IBM
513598,04/16/2022,Intel
513598,09/22/2023,Shopify
513598,06/09/2024,Meta
513598,09/14/2024,IBM
513598,12/11/2024,Cisco
160263,02/12/2024,Uber
160263,01/10/2023,Nvidia
160263,07/13/2024,Oracle
160263,10/23/2022,IBM
160263,01/10/2023,Uber
160263,10/16/2023,Airbnb
160263,09/03/2022,Google
160263,04/16/2024,Spotify
160263,05/08/2024,Oracle
159834,10/03/2022,Nvidia
159834,06/04/2023,Uber
159834,05/02/2024,Amazon
159834,07/02/2022,Airbnb
159834,06/02/2022,CrowdStrike
159834,02/13/2022,Intel
159834,10/07/2024,Uber
501233,02/21/2022,Dell
501233,07/11/2022,Meta
501233,05/21/2024,Meta
501233,10/22/2024,Salesforce
501233,11/10/2024,HP
501233,08/02/2023,Nvidia
501233,11/06/2022,Zoom
501233,05/05/2022,Amazon
501233,09/14/2022,Oracle
756613,10/23/2023,Zoom
115298,08/13/2024,Oracle
706259,03/14/2022,Spotify
706259,09/20/2022,Cisco
706259,08/11/2022,Nvidia
706259,09/06/2024,IBM
706259,11/20/2024,Shopify
706259,12/23/2022,Nvidia
369760,08/08/2022,Shopify
369760,02/21/2024,Adobe
369760,01/01/2022,HP
369760,04/24/2022,IBM
369760,07/11/2023,Nvidia
369760,07/24/2022,IBM
843131,06/24/2023,Salesforce
843131,08/11/2023,Adobe
843131,02/06/2023,Microsoft
843131,06/13/2024,Spotify
843131,09/03/2023,Oracle
843131,10/06/2023,Meta
843131,07/21/2022,CrowdStrike
843131,08/04/2023,Intel
843131,01/21/2023,Meta
195705,09/06/2022,CrowdStrike
490637,04/23/2023,Oracle
490637,08/17/2022,Microsoft
490637,02/03/2024,Cisco
490637,12/22/2022,HP
490637,11/18/2022,Zoom
490637,04/15/2024,HP
409024,07/10/2023,Oracle
409024,02/15/2024,Cisco
535788,06/24/2024,HP
535788,03/05/2023,Microsoft
535788,09/07/2023,Spotify
535788,04/05/2024,Amazon
535788,04/19/2023,Nvidia
535788,05/15/2023,Microsoft
535788,05/15/2022,Google
535788,05/17/2023,Amazon
535788,10/03/2023,Nvidia
535788,05/19/2023,Spotify
535788,08/08/2022,Airbnb
535788,05/11/2023,Dell
535788,12/24/2022,Shopify
535788,01/04/2023,Salesforce
535788,11/24/2022,Salesforce
535788,09/22/2022,Dell
102511,06/19/2024,Nvidia
102511,06/13/2024,Cisco
102511,12/10/2024,Salesforce
102511,05/24/2024,Uber
102511,08/03/2022,Intel
102511,09/23/2022,IBM
102511,05/12/2023,Shopify
102511,02/17/2024,Nvidia
102511,03/09/2024,Cisco
102511,05/22/2024,Uber
102511,01/12/2022,Adobe
102511,08/11/2023,Apple
518187,09/06/2023,Amazon
518187,03/16/2024,Amazon
518187,06/19/2022,Salesforce
518187,08/03/2022,Intel
518187,06/15/2022,Meta
518187,09/05/2024,Uber
518187,10/21/2022,Intel
518187,03/07/2023,Cisco
518187,06/07/2023,IBM
518187,06/17/2023,Amazon
518187,09/09/2022,Airbnb
518187,01/16/2022,Meta
577993,10/13/2022,Salesforce
535010,11/15/2023,Intel
535010,01/02/2023,Cisco
535010,07/04/2024,Apple
535010,01/04/2022,Spotify
535010,08/19/2022,Amazon
535010,12/17/2023,Intel
230610,03/05/2023,Adobe
230610,06/13/2023,Intel
230610,03/14/2023,Uber
230610,11/05/2023,Intel
230610,04/01/2022,Apple
230610,11/05/2022,HP
816739,03/19/2022,Oracle
816739,10/15/2022,Oracle
816739,03/19/2023,Salesforce
816739,02/07/2022,HP
816739,09/24/2024,Dell
816739,02/20/2022,Cisco
816739,07/23/2024,CrowdStrike
436998,01/22/2024,Microsoft
359895,02/03/2023,IBM
961855,12/07/2024,Zoom
961855,01/23/2023,Google
961855,05/05/2022,Zoom
961855,01/15/2024,CrowdStrike
961855,05/06/2024,Dell
961855,04/06/2022,Amazon
961855,11/11/2024,HP
873825,09/12/2024,Apple
873825,09/19/2023,Spotify
873825,01/06/2022,IBM
873825,11/06/2024,HP
873825,12/17/2022,Spotify
297783,05/02/2024,Dell
297783,07/07/2022,Microsoft
297783,05/03/2023,Intel
297783,12/16/2024,Amazon
474647,04/09/2024,Oracle
474647,11/02/2024,Spotify
474647,06/24/2023,Oracle
474647,03/11/2022,Salesforce
474647,04/06/2023,Cisco
474647,03/14/2023,Dell
474647,01/08/2023,Google
474647,08/19/2022,Spotify
474647,07/24/2022,Google
474647,01/11/2024,Shopify
474640,01/13/2022,Spotify
474640,08/17/2024,Shopify
474640,09/05/2022,Cisco
474640,01/01/2023,Salesforce
474640,01/23/2024,Intel
474640,09/22/2022,Nvidia
474640,03/09/2023,CrowdStrike
474640,12/20/2024,Intel
474640,04/23/2022,Uber
614828,03/09/2022,Shopify
614828,01/01/2022,Uber
614828,11/09/2023,Dell
614828,02/03/2022,Airbnb
614828,02/21/2023,HP
614828,08/08/2024,Nvidia
614828,08/23/2022,Dell
614828,11/15/2022,Meta
614828,05/19/2024,Meta
614828,04/19/2023,HP
614828,02/14/2022,Apple
614828,10/23/2023,Dell
636258,06/19/2023,Cisco
636258,05/08/2023,Cisco
636258,03/17/2022,Spotify
636258,03/02/2023,Adobe
636258,02/18/2023,Intel
636258,07/20/2023,Nvidia
636258,01/10/2022,Uber
636258,02/22/2022,Adobe
764400,09/03/2023,Google
764400,06/23/2023,Salesforce
764400,03/08/2024,Nvidia
192723,08/07/2023,Google
762770,05/22/2023,Meta
762770,08/15/2022,Salesforce
762770,03/21/2022,IBM
762770,09/07/2022,Dell
762770,03/02/2023,Dell
762770,07/16/2024,Intel
762770,10/04/2022,Shopify
762770,09/06/2022,IBM
762770,08/09/2022,Intel
487173,01/06/2024,Microsoft
487173,02/08/2022,Spotify
487173,01/16/2022,Airbnb
487173,06/12/2024,IBM
487173,01/01/2022,Salesforce
487173,06/18/2023,Zoom
487173,10/15/2024,Adobe
487173,09/07/2024,Spotify
487173,08/14/2024,Nvidia
487173,05/05/2023,Meta
487173,08/13/2024,Zoom
487173,09/14/2024,IBM
487173,12/06/2023,Cisco
487173,02/17/2022,Shopify
225275,04/10/2024,Zoom
225275,03/06/2024,Meta
225275,01/11/2022,Microsoft
225275,10/18/2024,Shopify
225275,02/19/2022,IBM
225275,09/07/2024,Adobe
225275,02/03/2023,Nvidia
225275,02/14/2024,Intel
225275,07/01/2022,Amazon
225275,12/12/2022,Uber
225275,09/02/2024,Intel
423642,02/07/2022,Dell
423642,09/22/2022,Amazon
423642,06/18/2024,Nvidia
423642,07/18/2023,Airbnb
423642,11/14/2023,Google
423642,09/18/2023,Microsoft
423642,11/17/2023,CrowdStrike
423642,07/01/2023,Apple
423642,07/24/2024,IBM
423642,08/14/2024,Cisco
546669,12/17/2022,Spotify
546669,10/08/2022,Airbnb
546669,10/19/2024,Nvidia
546669,02/20/2023,Salesforce
546669,03/04/2023,Amazon
546669,08/15/2022,Airbnb
546669,07/03/2022,Meta
546669,09/16/2024,Intel
546669,12/04/2023,Apple
546669,01/06/2024,Dell
546669,04/15/2022,Intel
546669,01/17/2022,Oracle
546669,07/11/2022,Nvidia
546669,04/24/2023,CrowdStrike
546669,08/09/2024,Microsoft
546669,10/01/2023,Uber
183269,07/13/2023,Spotify
183269,10/12/2023,Amazon
183269,10/12/2024,Spotify
183269,04/11/2024,IBM
836482,06/03/2023,HP
836482,11/23/2022,Microsoft
836482,02/06/2024,Microsoft
836482,09/03/2022,Amazon
836482,05/13/2022,Zoom
836482,09/09/2024,Uber
310159,07/11/2024,Dell
310159,09/22/2023,Intel
310159,10/22/2023,HP
310159,11/20/2023,Adobe
310159,01/16/2022,Amazon
310159,05/06/2024,Dell
310159,10/06/2024,Spotify
310159,11/18/2022,Amazon
310159,10/03/2022,HP
310159,09/18/2023,Microsoft
310159,09/14/2022,IBM
310159,01/18/2022,Nvidia
772553,09/08/2024,Dell
772553,08/17/2022,Zoom
772553,11/12/2022,Microsoft
772553,03/19/2022,Google
772553,09/24/2023,CrowdStrike
772553,06/14/2023,IBM
772553,12/03/2022,Oracle
772553,05/05/2022,CrowdStrike
772553,08/06/2023,Zoom
772553,08/04/2023,Uber
893568,07/21/2024,IBM
893568,07/06/2024,Intel
893568,02/24/2024,Google
893568,04/08/2022,HP
893568,11/04/2023,Airbnb
893568,02/14/2024,Shopify
893568,11/06/2022,Dell
893568,12/06/2022,Uber
893568,02/18/2023,Meta
893568,03/05/2022,Apple
893568,06/05/2024,HP
893568,01/17/2023,Meta
335894,06/01/2023,Meta
335894,08/07/2022,CrowdStrike
335894,08/13/2022,HP
335894,06/21/2024,Intel
335894,03/24/2023,Cisco
335894,06/18/2023,CrowdStrike
335894,08/19/2022,HP
335894,08/20/2022,Uber
406526,01/20/2022,Uber
406526,10/19/2024,Uber
406526,04/01/2023,Meta
406526,11/03/2022,HP
406526,07/22/2023,Uber
406526,12/08/2022,Uber
406526,03/23/2024,Amazon
406526,01/01/2024,Airbnb
406526,04/11/2024,Salesforce
406526,07/18/2024,Intel
406526,09/07/2023,Amazon
406526,05/10/2022,Airbnb
614818,02/20/2024,CrowdStrike
614818,01/13/2022,CrowdStrike
614818,05/23/2024,Spotify
593477,07/13/2022,Uber
593477,03/05/2022,Nvidia
593477,11/06/2024,Shopify
146769,09/13/2022,Zoom
146769,09/10/2022,Uber
146769,11/19/2024,Apple
975194,05/10/2022,Dell
975194,02/13/2023,Oracle
927596,03/14/2022,IBM
927596,11/04/2024,Cisco
927596,04/08/2024,Airbnb
927596,05/21/2022,Nvidia
927596,07/12/2024,Meta
927596,10/12/2022,Oracle
927596,12/21/2024,Shopify
927596,02/16/2022,Airbnb
436181,07/23/2022,Zoom
436181,05/19/2024,Meta
436181,10/16/2022,Dell
436181,05/04/2023,Zoom
436181,03/19/2023,Oracle
436181,10/11/2023,IBM
436181,01/11/2023,Adobe
436181,10/01/2022,Google
436181,06/02/2022,Intel
436181,03/04/2022,Amazon
373807,08/04/2023,Cisco
373807,01/20/2023,Apple
373807,12/17/2022,Amazon
373807,02/14/2022,Dell
373807,03/06/2023,Salesforce
827626,08/05/2023,Oracle
827626,10/06/2024,HP
827626,07/22/2024,Cisco
827626,09/05/2023,Microsoft
827626,09/03/2024,CrowdStrike
827626,12/20/2022,Zoom
827626,06/09/2023,Cisco
827626,01/12/2024,Airbnb
583750,01/19/2022,Microsoft
583750,10/11/2023,Dell
583750,03/11/2023,Salesforce
583750,01/16/2023,Cisco
583750,10/15/2024,IBM
583750,11/16/2024,Uber
583750,11/01/2023,Oracle
583750,12/20/2023,Meta
583750,08/01/2022,Google
583750,02/13/2023,Spotify
583750,06/18/2024,HP
653646,11/22/2024,CrowdStrike
653646,08/11/2024,Uber
